-- Datos de prueba para la DB simulada de ObServer
-- Representa ~15 productos de laboratorios reales con ventas de 12 meses
-- y algunas recepciones. Suficiente para probar análisis y cruce.

-- ── Artículos ───────────────────────────────────────────────────────
INSERT INTO articulos (codigo_barra, descripcion, laboratorio, monodroga, presentacion, accion_terapeutica, precio_pvp, stock_actual) VALUES
('7791234567890', 'ATAMEL 500 MG X 20 COMP', 'BERNABO', 'Paracetamol', '500mg x 20 comprimidos', 'Analgésico/Antipirético', 3850.00, 45),
('7791234567891', 'ATAMEL 1G X 10 COMP',    'BERNABO', 'Paracetamol', '1g x 10 comprimidos',    'Analgésico/Antipirético', 4200.00, 32),
('7790330001234', 'IBUPIRAC 600 X 20 COMP', 'PFIZER',  'Ibuprofeno',  '600mg x 20 comprimidos', 'AINE',                    5100.00, 18),
('7790330005678', 'IBUPIRAC 400 X 10 COMP', 'PFIZER',  'Ibuprofeno',  '400mg x 10 comprimidos', 'AINE',                    3200.00, 67),
('7791111222333', 'ACTRON 400 X 20 COMP',   'BAYER',   'Ibuprofeno',  '400mg x 20 comprimidos', 'AINE',                    4850.00, 12),
('7791111222444', 'ASPIRINA 500 X 30',      'BAYER',   'Acido acetilsalicilico', '500mg x 30', 'Analgésico',              3950.00, 89),
('7792222333444', 'AMOXIDAL 500 X 16',      'ROEMMERS','Amoxicilina', '500mg x 16 comprimidos', 'Antibiótico',             7800.00, 24),
('7792222333555', 'AMOXIDAL DUO 12H X 14',  'ROEMMERS','Amoxicilina+Ac.clavulanico', '1g x 14', 'Antibiótico',            12500.00, 8),
('7793333444555', 'LOSACOR 50 X 30 COMP',   'CASASCO', 'Losartan',    '50mg x 30 comprimidos',  'Antihipertensivo',        6200.00, 38),
('7793333444666', 'LOSACOR 100 X 30 COMP',  'CASASCO', 'Losartan',    '100mg x 30 comprimidos', 'Antihipertensivo',        8900.00, 22),
('7794444555666', 'ENALAPRIL 10 X 30',      'GADOR',   'Enalapril',   '10mg x 30 comprimidos',  'Antihipertensivo',        2850.00, 156),
('7794444555777', 'ENALAPRIL 20 X 30',      'GADOR',   'Enalapril',   '20mg x 30 comprimidos',  'Antihipertensivo',        4100.00, 72),
('7795555666777', 'CLARITROMICINA 500 X 14','ELEA',    'Claritromicina','500mg x 14 comp',      'Antibiótico',             9800.00, 15),
('7796666777888', 'OMEPRAZOL 20 X 28',      'RICHMOND','Omeprazol',   '20mg x 28 capsulas',     'Antiulceroso',            3650.00, 103),
('7797777888999', 'SERTRALINA 50 X 30',     'BAGO',    'Sertralina',  '50mg x 30 comprimidos',  'Antidepresivo',           5400.00, 41);

-- ── Ventas mensuales (Abr/2025 → Mar/2026, 12 meses, con estacionalidad realista) ──
-- Productos de alta rotación (ATAMEL, IBUPIRAC, ASPIRINA, ENALAPRIL, OMEPRAZOL)
-- Productos de media (ACTRON, LOSACOR, SERTRALINA)
-- Productos de baja (AMOXIDAL DUO, CLARITROMICINA)

-- Helper: Abril 2025 = anio 2025 mes 4, hasta Marzo 2026 = anio 2026 mes 3
-- Voy mes por mes con variaciones estacionales

-- ATAMEL 500 (alta rotacion, pico invierno)
INSERT INTO ventas_mensuales (codigo_barra, anio, mes, unidades, monto) VALUES
('7791234567890', 2025, 4,  28, 107800),
('7791234567890', 2025, 5,  35, 134750),
('7791234567890', 2025, 6,  48, 184800),
('7791234567890', 2025, 7,  52, 200200),
('7791234567890', 2025, 8,  45, 173250),
('7791234567890', 2025, 9,  38, 146300),
('7791234567890', 2025, 10, 32, 123200),
('7791234567890', 2025, 11, 30, 115500),
('7791234567890', 2025, 12, 34, 130900),
('7791234567890', 2026, 1,  29, 111650),
('7791234567890', 2026, 2,  31, 119350),
('7791234567890', 2026, 3,  33, 127050);

-- ATAMEL 1G
INSERT INTO ventas_mensuales (codigo_barra, anio, mes, unidades, monto) VALUES
('7791234567891', 2025, 4,  18, 75600), ('7791234567891', 2025, 5,  22, 92400),
('7791234567891', 2025, 6,  30, 126000), ('7791234567891', 2025, 7,  35, 147000),
('7791234567891', 2025, 8,  28, 117600), ('7791234567891', 2025, 9,  23, 96600),
('7791234567891', 2025, 10, 20, 84000), ('7791234567891', 2025, 11, 19, 79800),
('7791234567891', 2025, 12, 21, 88200), ('7791234567891', 2026, 1,  18, 75600),
('7791234567891', 2026, 2,  20, 84000), ('7791234567891', 2026, 3,  22, 92400);

-- IBUPIRAC 600 (alta)
INSERT INTO ventas_mensuales (codigo_barra, anio, mes, unidades, monto) VALUES
('7790330001234', 2025, 4,  40, 204000), ('7790330001234', 2025, 5,  45, 229500),
('7790330001234', 2025, 6,  55, 280500), ('7790330001234', 2025, 7,  62, 316200),
('7790330001234', 2025, 8,  50, 255000), ('7790330001234', 2025, 9,  42, 214200),
('7790330001234', 2025, 10, 38, 193800), ('7790330001234', 2025, 11, 36, 183600),
('7790330001234', 2025, 12, 40, 204000), ('7790330001234', 2026, 1,  35, 178500),
('7790330001234', 2026, 2,  37, 188700), ('7790330001234', 2026, 3,  39, 198900);

-- IBUPIRAC 400
INSERT INTO ventas_mensuales (codigo_barra, anio, mes, unidades, monto) VALUES
('7790330005678', 2025, 4,  60, 192000), ('7790330005678', 2025, 5,  72, 230400),
('7790330005678', 2025, 6,  85, 272000), ('7790330005678', 2025, 7,  92, 294400),
('7790330005678', 2025, 8,  78, 249600), ('7790330005678', 2025, 9,  65, 208000),
('7790330005678', 2025, 10, 58, 185600), ('7790330005678', 2025, 11, 55, 176000),
('7790330005678', 2025, 12, 62, 198400), ('7790330005678', 2026, 1,  54, 172800),
('7790330005678', 2026, 2,  56, 179200), ('7790330005678', 2026, 3,  60, 192000);

-- ACTRON 400 (media)
INSERT INTO ventas_mensuales (codigo_barra, anio, mes, unidades, monto) VALUES
('7791111222333', 2025, 4,  15, 72750), ('7791111222333', 2025, 5,  18, 87300),
('7791111222333', 2025, 6,  22, 106700), ('7791111222333', 2025, 7,  25, 121250),
('7791111222333', 2025, 8,  20, 97000), ('7791111222333', 2025, 9,  16, 77600),
('7791111222333', 2025, 10, 14, 67900), ('7791111222333', 2025, 11, 13, 63050),
('7791111222333', 2025, 12, 15, 72750), ('7791111222333', 2026, 1,  12, 58200),
('7791111222333', 2026, 2,  13, 63050), ('7791111222333', 2026, 3,  14, 67900);

-- ASPIRINA 500 (alta, estable)
INSERT INTO ventas_mensuales (codigo_barra, anio, mes, unidades, monto) VALUES
('7791111222444', 2025, 4,  55, 217250), ('7791111222444', 2025, 5,  58, 229100),
('7791111222444', 2025, 6,  62, 244900), ('7791111222444', 2025, 7,  65, 256750),
('7791111222444', 2025, 8,  60, 237000), ('7791111222444', 2025, 9,  56, 221200),
('7791111222444', 2025, 10, 54, 213300), ('7791111222444', 2025, 11, 53, 209350),
('7791111222444', 2025, 12, 57, 225150), ('7791111222444', 2026, 1,  52, 205400),
('7791111222444', 2026, 2,  54, 213300), ('7791111222444', 2026, 3,  55, 217250);

-- AMOXIDAL 500 (media-alta, pico invierno)
INSERT INTO ventas_mensuales (codigo_barra, anio, mes, unidades, monto) VALUES
('7792222333444', 2025, 4,  20, 156000), ('7792222333444', 2025, 5,  28, 218400),
('7792222333444', 2025, 6,  42, 327600), ('7792222333444', 2025, 7,  48, 374400),
('7792222333444', 2025, 8,  38, 296400), ('7792222333444', 2025, 9,  25, 195000),
('7792222333444', 2025, 10, 18, 140400), ('7792222333444', 2025, 11, 15, 117000),
('7792222333444', 2025, 12, 17, 132600), ('7792222333444', 2026, 1,  14, 109200),
('7792222333444', 2026, 2,  16, 124800), ('7792222333444', 2026, 3,  19, 148200);

-- AMOXIDAL DUO (baja)
INSERT INTO ventas_mensuales (codigo_barra, anio, mes, unidades, monto) VALUES
('7792222333555', 2025, 4,  4, 50000), ('7792222333555', 2025, 5,  6, 75000),
('7792222333555', 2025, 6,  9, 112500), ('7792222333555', 2025, 7,  11, 137500),
('7792222333555', 2025, 8,  8, 100000), ('7792222333555', 2025, 9,  5, 62500),
('7792222333555', 2025, 10, 3, 37500), ('7792222333555', 2025, 11, 2, 25000),
('7792222333555', 2025, 12, 3, 37500), ('7792222333555', 2026, 1,  2, 25000),
('7792222333555', 2026, 2,  3, 37500), ('7792222333555', 2026, 3,  4, 50000);

-- LOSACOR 50 (alta, estable - crónico)
INSERT INTO ventas_mensuales (codigo_barra, anio, mes, unidades, monto) VALUES
('7793333444555', 2025, 4,  45, 279000), ('7793333444555', 2025, 5,  46, 285200),
('7793333444555', 2025, 6,  48, 297600), ('7793333444555', 2025, 7,  47, 291400),
('7793333444555', 2025, 8,  48, 297600), ('7793333444555', 2025, 9,  47, 291400),
('7793333444555', 2025, 10, 49, 303800), ('7793333444555', 2025, 11, 48, 297600),
('7793333444555', 2025, 12, 46, 285200), ('7793333444555', 2026, 1,  47, 291400),
('7793333444555', 2026, 2,  48, 297600), ('7793333444555', 2026, 3,  49, 303800);

-- LOSACOR 100 (media, crónico)
INSERT INTO ventas_mensuales (codigo_barra, anio, mes, unidades, monto) VALUES
('7793333444666', 2025, 4,  22, 195800), ('7793333444666', 2025, 5,  23, 204700),
('7793333444666', 2025, 6,  24, 213600), ('7793333444666', 2025, 7,  23, 204700),
('7793333444666', 2025, 8,  24, 213600), ('7793333444666', 2025, 9,  23, 204700),
('7793333444666', 2025, 10, 25, 222500), ('7793333444666', 2025, 11, 24, 213600),
('7793333444666', 2025, 12, 22, 195800), ('7793333444666', 2026, 1,  23, 204700),
('7793333444666', 2026, 2,  24, 213600), ('7793333444666', 2026, 3,  25, 222500);

-- ENALAPRIL 10 (muy alta, crónico)
INSERT INTO ventas_mensuales (codigo_barra, anio, mes, unidades, monto) VALUES
('7794444555666', 2025, 4,  80, 228000), ('7794444555666', 2025, 5,  82, 233700),
('7794444555666', 2025, 6,  85, 242250), ('7794444555666', 2025, 7,  84, 239400),
('7794444555666', 2025, 8,  86, 245100), ('7794444555666', 2025, 9,  83, 236550),
('7794444555666', 2025, 10, 87, 247950), ('7794444555666', 2025, 11, 85, 242250),
('7794444555666', 2025, 12, 82, 233700), ('7794444555666', 2026, 1,  83, 236550),
('7794444555666', 2026, 2,  85, 242250), ('7794444555666', 2026, 3,  87, 247950);

-- ENALAPRIL 20 (alta)
INSERT INTO ventas_mensuales (codigo_barra, anio, mes, unidades, monto) VALUES
('7794444555777', 2025, 4,  42, 172200), ('7794444555777', 2025, 5,  44, 180400),
('7794444555777', 2025, 6,  45, 184500), ('7794444555777', 2025, 7,  44, 180400),
('7794444555777', 2025, 8,  46, 188600), ('7794444555777', 2025, 9,  43, 176300),
('7794444555777', 2025, 10, 47, 192700), ('7794444555777', 2025, 11, 45, 184500),
('7794444555777', 2025, 12, 43, 176300), ('7794444555777', 2026, 1,  44, 180400),
('7794444555777', 2026, 2,  46, 188600), ('7794444555777', 2026, 3,  47, 192700);

-- CLARITROMICINA (baja, pico invierno)
INSERT INTO ventas_mensuales (codigo_barra, anio, mes, unidades, monto) VALUES
('7795555666777', 2025, 4,  6, 58800), ('7795555666777', 2025, 5,  10, 98000),
('7795555666777', 2025, 6,  16, 156800), ('7795555666777', 2025, 7,  18, 176400),
('7795555666777', 2025, 8,  14, 137200), ('7795555666777', 2025, 9,  8, 78400),
('7795555666777', 2025, 10, 5, 49000), ('7795555666777', 2025, 11, 4, 39200),
('7795555666777', 2025, 12, 4, 39200), ('7795555666777', 2026, 1,  3, 29400),
('7795555666777', 2026, 2,  5, 49000), ('7795555666777', 2026, 3,  6, 58800);

-- OMEPRAZOL (alta, crónico)
INSERT INTO ventas_mensuales (codigo_barra, anio, mes, unidades, monto) VALUES
('7796666777888', 2025, 4,  65, 237250), ('7796666777888', 2025, 5,  67, 244550),
('7796666777888', 2025, 6,  68, 248200), ('7796666777888', 2025, 7,  66, 240900),
('7796666777888', 2025, 8,  68, 248200), ('7796666777888', 2025, 9,  65, 237250),
('7796666777888', 2025, 10, 70, 255500), ('7796666777888', 2025, 11, 68, 248200),
('7796666777888', 2025, 12, 65, 237250), ('7796666777888', 2026, 1,  66, 240900),
('7796666777888', 2026, 2,  68, 248200), ('7796666777888', 2026, 3,  70, 255500);

-- SERTRALINA (media, crónico)
INSERT INTO ventas_mensuales (codigo_barra, anio, mes, unidades, monto) VALUES
('7797777888999', 2025, 4,  25, 135000), ('7797777888999', 2025, 5,  26, 140400),
('7797777888999', 2025, 6,  27, 145800), ('7797777888999', 2025, 7,  26, 140400),
('7797777888999', 2025, 8,  28, 151200), ('7797777888999', 2025, 9,  27, 145800),
('7797777888999', 2025, 10, 28, 151200), ('7797777888999', 2025, 11, 27, 145800),
('7797777888999', 2025, 12, 26, 140400), ('7797777888999', 2026, 1,  27, 145800),
('7797777888999', 2026, 2,  28, 151200), ('7797777888999', 2026, 3,  29, 156600);

-- ── Recepciones de mercadería (últimos 3 meses) ───────────────────────
INSERT INTO recepciones (fecha_recepcion, proveedor_cuit, proveedor_nombre, numero_factura, codigo_barra, descripcion, cantidad, precio_unitario, lote, vencimiento) VALUES
('2026-02-15', '30-64266156-2', 'Pharmos',          'FC-A-0001234', '7791234567890', 'ATAMEL 500 MG X 20 COMP',     50, 2695.00, 'L24A05', '2027-05-30'),
('2026-02-15', '30-64266156-2', 'Pharmos',          'FC-A-0001234', '7790330001234', 'IBUPIRAC 600 X 20 COMP',      30, 3570.00, 'L24B12', '2027-04-15'),
('2026-02-15', '30-64266156-2', 'Pharmos',          'FC-A-0001234', '7791111222444', 'ASPIRINA 500 X 30',           60, 2765.00, 'L23L08', '2026-11-20'),
('2026-03-10', '23-17460511-4', '20 de Junio',      'FC-B-0005678', '7792222333444', 'AMOXIDAL 500 X 16',           24, 5460.00, 'L24C03', '2027-03-10'),
('2026-03-10', '23-17460511-4', '20 de Junio',      'FC-B-0005678', '7793333444555', 'LOSACOR 50 X 30 COMP',        48, 4340.00, 'L24D22', '2028-01-15'),
('2026-03-10', '23-17460511-4', '20 de Junio',      'FC-B-0005678', '7794444555666', 'ENALAPRIL 10 X 30',          120, 1995.00, 'L24A18', '2027-10-10'),
('2026-03-22', '30-64266156-2', 'Pharmos',          'FC-A-0001456', '7796666777888', 'OMEPRAZOL 20 X 28',           80, 2555.00, 'L24E11', '2027-06-20'),
('2026-03-22', '30-64266156-2', 'Pharmos',          'FC-A-0001456', '7790330005678', 'IBUPIRAC 400 X 10 COMP',     100, 2240.00, 'L24E01', '2027-05-15');
